,Word,Count
0,The,23135851162
1,Of,13151942776
2,And,12997637966
3,To,12136980858
4,A,9081174698
5,In,8469404971
6,For,5933321709
7,Is,4705743816
8,On,3750423199
9,That,3400031103
10,By,3350048871
11,This,3228469771
12,With,3183110675
13,I,3086225277
14,You,2996181025
15,It,2813163874
16,Not,2633487141
17,Or,2590739907
18,Be,2398724162
19,Are,2393614870
20,From,2275595356
21,At,2272272772
22,As,2247431740
23,Your,2062066547
24,All,2022459848
25,Have,1564202750
26,New,1551258643
27,More,1544771673
28,An,1518266684
29,Was,1483428678
30,We,1390661912
31,Will,1356293641
32,Home,1276852170
33,Can,1242323499
34,Us,1229112622
35,About,1226734006
36,If,1134987907
37,Page,1082121730
38,My,1059793441
39,Has,1046319984
40,Search,1024093118
41,Free,1014107316
42,But,999899654
43,Our,998757982
44,One,993536631
45,Other,978481319
46,Do,950751722
47,No,937112320
48,Information,932594387
49,Time,908705570
50,They,883223816
51,Site,844310242
52,He,842847219
53,Up,829969374
54,May,827822032
55,What,812395582
56,Which,810514085
57,Their,782849411
58,News,755424983
59,Out,741601852
60,Use,719980257
61,Any,710741293
62,There,701170205
63,See,681410380
64,Only,661844114
65,So,661809559
66,His,660177731
67,When,650621178
68,Contact,645824184
69,Here,639711198
70,Business,637134177
71,Who,630927278
72,Web,619571575
73,Also,616829742
74,Now,611387736
75,Help,611054034
76,Get,605984508
77,Pm,604577485
78,View,602279334
79,Online,601317059
82,First,578161543
83,Am,576436203
84,Been,575019382
85,Would,572644147
86,How,571848080
87,Were,570699558
88,Me,566617666
90,Services,562206804
91,Some,548829454
92,These,541003982
93,Click,536746424
94,Its,525627757
95,Like,520585287
96,Service,519537222
98,Than,502609275
99,Find,502043038
100,Price,501651226
101,Date,488967374
102,Back,488024109
103,Top,484213771
104,People,480303376
105,Had,480232730
106,List,472590641
107,Name,464532702
108,Just,462836169
109,Over,459222855
110,State,453104133
111,Year,451092583
112,Day,446236148
113,Into,445315294
114,Email,443949646
115,Two,441398439
116,Health,440416431
118,World,431934249
120,Next,425903347
121,Used,421438139
122,Go,421086358
124,Work,419483948
125,Last,417601616
126,Most,416210411
127,Products,414377632
128,Music,414028837
129,Buy,410780176
130,Data,406908328
131,Make,405084642
132,Them,403000411
133,Should,402028056
134,Product,399116355
135,System,396975018
136,Post,392956436
137,Her,391961061
138,City,390564835
140,Add,387231739
141,Policy,384401868
142,Number,383787805
143,Such,380725892
144,Please,380046348
145,Available,379644437
146,Copyright,373906735
147,Support,373512569
148,Message,373081242
149,After,372948094
150,Best,371852748
151,Software,370517038
152,Then,369928941
153,Jan,366436194
154,Good,365796396
155,Video,365410017
156,Well,362082755
158,Where,360468339
159,Info,352363058
160,Rights,352051342
161,Public,349286123
162,Books,347710184
163,High,345413157
164,School,343057316
165,Through,342373303
167,Each,340892856
168,Links,339926541
169,She,339171382
170,Review,339067778
171,Years,337841309
172,Order,336631187
173,Very,334923368
174,Privacy,333272427
175,Book,330959949
176,Items,330505325
177,Company,324272258
179,Read,322331766
180,Group,321842984
182,Need,319376932
183,Many,318966441
184,User,316446229
185,Said,315595259
187,Does,314018806
188,Set,313469591
189,Under,313296421
190,General,311757793
191,Research,311538382
192,University,311373936
193,January,310345867
194,Mail,310337185
195,Full,309929179
196,Map,309676581
197,Reviews,307684103
198,Program,306686983
199,Life,306559205
200,Know,306100813
201,Games,305930896
202,Way,305515604
203,Days,305147791
204,Management,304201237
206,Part,302729303
207,Could,302311431
208,Great,301487430
209,United,299280163
210,Hotel,297974790
211,Real,297674493
213,Item,296534935
214,International,295639201
215,Center,294319118
217,Must,292774716
218,Store,291308910
219,Travel,287719294
220,Comments,287558448
221,Made,287353021
222,Development,286291411
223,Report,286237372
224,Off,284035693
225,Member,283858893
226,Details,280827841
227,Line,280009597
228,Terms,277705910
229,Before,277546019
230,Hotels,275510917
231,Did,275369513
232,Send,274103587
233,Right,273620358
234,Type,272336859
235,Because,271323986
236,Local,270742935
237,Those,270014141
238,Using,269448880
239,Results,268180843
240,Office,266789622
241,Education,266738068
242,National,266376620
243,Car,264720374
244,Design,264448339
245,Take,264349801
246,Posted,263851272
247,Internet,263777245
248,Address,261872866
249,Community,261839117
250,Within,261390908
251,States,260937015
252,Area,259871557
253,Want,258690345
254,Phone,256643812
255,Dvd,256530337
256,Shipping,256521328
257,Reserved,256443074
258,Subject,256217838
259,Between,255436698
260,Forum,254478181
261,Family,254164055
263,Long,252519588
264,Based,252405204
266,Code,250245121
267,Show,247541986
269,Even,245697701
270,Black,244690155
271,Check,244491090
272,Special,244311841
273,Prices,243435728
274,Website,242876222
275,Index,242826246
276,Being,242783091
277,Women,242520455
278,Much,242326300
279,Sign,242290578
280,File,241864251
281,Link,240402653
282,Open,239670331
283,Today,239271204
284,Technology,238674296
285,South,238581133
286,Case,235563000
287,Project,235262594
288,Same,234822585
289,Pages,234001114
290,Uk,232749142
291,Version,232445953
292,Section,232251956
293,Own,232011723
294,Found,232005894
295,Sports,231864260
296,House,231310420
297,Related,231127472
298,Security,230014019
299,Both,228648541
301,County,227567373
302,American,227534978
303,Photo,227125249
304,Game,227111505
305,Members,226656153
306,Power,226596368
307,While,226194991
308,Care,225326739
309,Network,225218991
310,Down,224915894
311,Computer,224177047
312,Systems,223555915
313,Three,223417394
314,Total,222649459
315,Place,220970235
316,End,220812328
317,Following,220709925
318,Download,220626128
320,Him,219516023
321,Without,219190105
322,Per,218945655
323,Access,217986984
324,Think,217856550
325,North,217809513
326,Resources,217268632
327,Current,216987137
328,Posts,216822128
329,Big,216690546
330,Media,216432510
331,Law,216122487
332,Control,215560453
333,Water,215178488
334,History,215000515
335,Pictures,214997918
336,Size,214844153
337,Art,214702696
338,Personal,214671907
339,Since,214302926
340,Including,214195457
341,Guide,213378807
342,Shop,212793848
343,Directory,212478717
344,Board,212361059
345,Location,211243333
346,Change,210601244
347,White,209863729
348,Text,208780080
349,Small,208371878
350,Rating,207858692
351,Rate,207634179
352,Government,206582673
353,Children,206538107
354,During,206364495
355,Usa,206211773
356,Return,205629763
357,Students,204801202
359,Shopping,204104275
360,Account,203611349
361,Times,202950880
362,Sites,202755734
363,Level,202563642
364,Digital,202346767
365,Profile,201854745
366,Previous,201692678
367,Form,201395192
368,Events,201235454
369,Love,201063526
370,Old,199694226
372,Main,199616754
373,Call,199608869
374,Hours,198242904
375,Image,197874283
376,Department,197293325
377,Title,196676017
378,Description,196301245
379,Non,196109547
382,Insurance,193271293
383,Another,192535750
384,Why,192000672
385,Shall,191963867
386,Property,191783393
387,Class,191087771
388,Cd,190859046
389,Still,190433487
390,Money,190205072
391,Quality,189509533
392,Every,189325890
393,Listing,188985252
394,Content,188880495
395,Country,188691168
396,Private,187885878
397,Little,187142519
398,Visit,187062316
399,Save,186091095
400,Tools,185555874
401,Low,184815478
402,Reply,184777992
403,Customer,184406888
404,December,183237239
405,Compare,183202885
406,Movies,182739567
407,Include,182579275
408,College,182545426
409,Value,182061247
410,Article,181969355
412,Man,181445531
413,Card,181387042
414,Jobs,181075605
415,Provide,181040994
417,Food,180144029
418,Source,179963886
419,Author,179813446
420,Different,179794224
421,Press,179652730
423,Learn,179428286
424,Sale,179224570
425,Around,178810033
426,Print,178250872
427,Course,177976652
428,Job,177706929
429,Canada,177153952
430,Process,176829177
431,Teen,176301486
432,Room,176299905
433,Stock,176295589
434,Training,176129154
435,Too,176093255
436,Credit,175916536
437,Point,175527859
438,Join,174297802
439,Science,174232809
440,Men,174058407
441,Categories,173839008
442,Advanced,173422161
443,West,173346868
444,Sales,173244220
445,Look,173043002
446,English,172371546
447,Left,171752631
448,Team,171687825
449,Estate,169256248
450,Box,169231297
451,Conditions,168957006
452,Select,168673045
453,Windows,168532149
454,Photos,167827453
455,Gay,167587791
456,Thread,167518537
457,Week,167202060
458,Category,166811948
459,Note,166657334
460,Live,166005029
461,Large,165863763
462,Gallery,165671626
463,Table,165341452
464,Register,164834442
465,However,163957176
466,June,163951797
467,October,163363054
468,November,163308383
469,Market,162390150
470,Library,162076395
471,Really,162033390
472,Action,162023431
473,Start,161913408
474,Series,161518557
475,Model,161205740
476,Features,160961088
477,Air,160850401
478,Industry,160812623
479,Plan,160746244
480,Human,160573748
481,Provided,159785849
482,Tv,159603914
483,Yes,159595214
484,Required,159478972
485,Second,159343399
486,Hot,159287179
487,Accessories,158982297
488,Cost,158887256
489,Movie,158421100
490,Forums,158410645
491,March,158281269
492,La,157960401
493,September,157182255
494,Better,157079378
495,Say,156845267
496,Questions,156703712
497,July,156667525
498,Yahoo,155733641
499,Going,155284081
500,Medical,155254497
501,Test,154999587
502,Friend,154527125
503,Come,154326119
504,Dec,154301106
505,Server,153788544
506,Pc,153460135
507,Study,152978354
508,Application,152776595
509,Cart,152155277
510,Staff,151553180
511,Articles,151531225
513,Feedback,151008079
514,Again,150781416
515,Play,150748333
516,Looking,150610176
517,Issues,150106274
518,April,149976767
519,Never,149556758
520,Users,149320234
521,Complete,149312237
522,Street,149130754
523,Topic,149001702
524,Comment,148628729
525,Financial,148330257
526,Things,147969893
527,Working,147675944
528,Against,147259825
529,Standard,147177212
530,Tax,146906651
531,Person,146749448
532,Below,145701629
533,Mobile,145490029
534,Less,145430147
535,Got,145057782
536,Blog,145041426
537,Party,144707500
538,Payment,144646164
539,Equipment,144298238
540,Login,144200144
541,Student,143590165
542,Let,143062438
543,Programs,142498232
544,Offers,142087909
545,Legal,142048771
546,Above,141894620
547,Recent,141765729
548,Park,141548802
549,Stores,141210433
550,Side,141155373
551,Act,141076205
552,Problem,141012024
553,Red,140799532
554,Give,140688602
555,Memory,140479833
556,Performance,139710600
557,Social,139566375
559,August,139459917
560,Quote,139242226
561,Language,138517992
562,Story,138433809
563,Sell,137696613
564,Options,137679195
565,Experience,137134662
566,Rates,137089538
567,Create,137071122
568,Key,136862835
569,Body,136560842
570,Young,136341684
571,America,136214727
572,Important,136103455
573,Field,135289140
574,Few,135132664
575,East,135037085
576,Paper,134939426
577,Single,134754203
579,Age,132725767
580,Activities,132685190
581,Club,132428495
582,Example,132369252
583,Girls,132325396
584,Additional,132187702
585,Password,132141721
587,Latest,131952173
588,Something,131836210
589,Road,131800620
590,Gift,131417909
591,Question,130644510
592,Changes,130570251
593,Night,130531484
594,Ca,130326009
595,Hard,130054708
596,Texas,129399241
597,Oct,129301730
598,Pay,129198530
599,Four,129167110
600,Poker,129054826
601,Status,128994593
602,Browse,128740445
603,Issue,128427156
604,Range,128314924
605,Building,128251365
606,Seller,127768853
607,Court,127719981
608,February,127704851
609,Always,127634767
610,Result,127425045
611,Audio,127014703
612,Light,126699632
613,Write,126645151
614,War,126517399
615,Nov,126461152
616,Offer,126228968
617,Blue,126160941
618,Groups,125814267
619,Al,125787543
620,Easy,125548527
621,Given,125542966
622,Files,125524478
623,Event,125515260
624,Release,125340846
625,Analysis,124949540
626,Request,124620318
627,Fax,124500817
628,China,124472054
629,Making,124198695
630,Picture,124116581
631,Needs,123595776
632,Possible,123311561
633,Might,123196001
634,Professional,123162607
635,Yet,123160529
636,Month,123027963
637,Major,122592252
638,Star,122498186
639,Areas,121986327
640,Future,121844371
641,Space,121505269
642,Committee,121345834
643,Hand,121296661
644,Sun,121218500
645,Cards,121094522
646,Problems,121087620
647,London,121079315
648,Washington,120978063
649,Meeting,120814306
651,Become,120495036
652,Interest,120272948
653,Id,119974321
654,Child,119747393
655,Keep,119602514
656,Enter,119394206
657,California,119376975
659,Share,119294241
660,Similar,119150817
661,Garden,119014988
662,Schools,118978625
663,Million,118818608
664,Added,118410414
665,Reference,118127636
666,Companies,118106080
667,Listed,117951402
668,Baby,117696064
669,Learning,117672845
670,Energy,117451031
671,Run,117213565
672,Delivery,117119498
673,Net,116883588
674,Popular,116495721
675,Term,116282824
676,Film,116097842
677,Stories,115504667
678,Put,115205090
679,Computers,115168234
680,Journal,114532201
681,Reports,114515959
682,Co,114452742
683,Try,114384208
684,Welcome,114025350
685,Central,113841948
686,Images,113788074
687,President,113756376
688,Notice,113691786
689,God,113624357
690,Original,113453183
691,Head,113316224
692,Radio,113285624
693,Until,113090086
694,Cell,113067567
695,Color,112965658
696,Self,112902176
697,Council,112893718
698,Away,112837472
699,Includes,112466751
700,Track,112385243
701,Australia,112197265
702,Discussion,111973466
703,Archive,111971865
704,Once,111882023
705,Others,111397714
706,Entertainment,111394818
707,Agreement,111356320
708,Format,111279626
709,Least,111229798
710,Society,111199035
711,Months,111192257
712,Log,111170350
713,Safety,111064464
714,Friends,110732827
715,Sure,110528740
716,Faq,110323671
717,Trade,110086585
718,Edition,110051463
719,Cars,109717836
720,Messages,109697600
721,Marketing,109596213
722,Tell,109553730
723,Further,109528141
724,Updated,109504766
725,Association,109416386
726,Able,109389038
727,Having,109360096
728,Provides,109213691
730,Fun,108389630
731,Already,108324565
732,Green,108287905
733,Studies,108024858
734,Close,107853068
735,Common,107839275
736,Drive,107799371
737,Specific,107785779
738,Several,107589584
739,Gold,107497778
740,Feb,107483376
741,Living,107215961
742,Sep,107145206
743,Collection,107121885
744,Called,106978150
745,Short,106755242
746,Arts,106466033
747,Lot,106405208
748,Ask,106400213
749,Display,106342539
750,Limited,106154969
751,Powered,106119933
752,Solutions,106103720
753,Means,105946662
754,Director,105891641
755,Daily,105837757
756,Beach,105642682
757,Past,105625616
758,Natural,105101771
759,Whether,105014961
760,Due,104908310
762,Electronics,104230315
763,Five,104165769
764,Upon,103921220
765,Period,103906182
766,Planning,103878661
767,Database,103731642
768,Says,103697915
769,Official,103521037
770,Weather,103331913
771,Mar,103203080
772,Land,103132933
773,Average,102837602
774,Done,102812628
775,Technical,102792861
776,Window,102711715
777,France,102698139
778,Pro,102580860
779,Region,102552342
780,Island,102316998
781,Record,102234743
782,Direct,102234090
784,Conference,101987691
785,Environment,101959294
786,Records,101771329
787,St,101338951
788,District,101325723
789,Calendar,101303808
790,Costs,101090970
791,Style,101024266
792,Url,100907064
793,Front,100886343
794,Statement,100868970
795,Update,100765188
796,Parts,100637505
797,Aug,100502612
798,Ever,100264634
799,Downloads,100237452
800,Early,100013194
801,Miles,100012522
802,Sound,100010833
803,Resource,99964083
804,Present,99420744
805,Applications,99324182
806,Either,99143011
807,Ago,98839705
808,Document,98703772
809,Word,98671341
810,Works,98581698
811,Material,98528318
812,Bill,98494166
813,Apr,98081439
814,Written,98056850
815,Talk,97850837
816,Federal,97837595
817,Hosting,97747750
818,Rules,97658641
819,Final,97649084
820,Adult,97583096
821,Tickets,97561755
822,Thing,97451660
823,Centre,97258243
824,Requirements,97233632
825,Via,97167128
826,Cheap,97049762
828,Kids,96602880
829,Finance,96554164
830,True,96269550
831,Minutes,96242209
832,Else,96020036
833,Mark,95606752
834,Third,95489240
835,Rock,95488543
836,Gifts,95412416
837,Europe,95373445
838,Reading,95289449
839,Topics,95132338
840,Bad,95096787
841,Individual,94815082
842,Tips,94800899
843,Plus,94730251
844,Auto,94700371
845,Cover,94501729
846,Usually,94477370
847,Edit,94159529
848,Together,94113765
849,Videos,94069113
850,Percent,94036312
851,Fast,93941472
852,Function,93878887
853,Fact,93807963
854,Unit,93714361
855,Getting,93483319
856,Global,93450595
857,Tech,93401669
858,Meet,93275872
859,Far,93061804
860,Economic,93044306
862,Player,92709785
863,Projects,92603476
864,Lyrics,92579731
865,Often,92551460
866,Subscribe,92456246
867,Submit,92431559
868,Germany,92151641
869,Amount,92039679
870,Watch,92006970
871,Included,92002729
872,Feel,91924001
873,Though,91905891
874,Bank,91559349
875,Risk,91486135
876,Thanks,91398411
877,Everything,91388083
878,Deals,91189968
879,Various,91156139
880,Words,90910143
883,Production,90612739
884,Commercial,90554932
886,Weight,90506560
887,Town,90478880
888,Heart,90249265
889,Advertising,90210309
890,Received,90037485
891,Choose,90010174
892,Treatment,90001988
893,Newsletter,89828494
894,Archives,89826560
895,Points,89780234
896,Knowledge,89749339
897,Magazine,89744012
898,Error,89396475
899,Camera,89324930
900,Jun,89154690
901,Girl,89139125
902,Currently,89075990
903,Construction,88770071
904,Toys,88712797
905,Registered,88506935
906,Clear,88447610
907,Golf,88332962
908,Receive,88328938
909,Domain,88097391
910,Methods,87897688
911,Chapter,87882874
912,Makes,87829598
913,Protection,87824220
914,Policies,87791839
915,Loan,87785549
916,Wide,87661475
917,Beauty,87572240
918,Manager,87441704
919,India,87391857
920,Position,87139187
921,Taken,87019836
922,Sort,86985936
923,Listings,86808185
924,Models,86573186
926,Known,86395556
927,Half,86290420
928,Cases,86255673
929,Step,86147277
930,Engineering,85964618
931,Florida,85775901
932,Simple,85617922
933,Quick,85584600
934,None,85523201
935,Wireless,85333514
936,License,85326896
938,Friday,85245033
939,Lake,85241485
940,Whole,85202530
941,Annual,85043687
942,Published,84923632
943,Later,84857974
944,Basic,84840226
946,Shows,84804638
947,Corporate,84697675
949,Church,84556943
950,Method,84399520
951,Purchase,84333183
952,Customers,84317690
953,Active,84084764
954,Response,84065293
955,Practice,84037810
956,Hardware,84002445
957,Figure,83949754
958,Materials,83901920
959,Fire,83845349
960,Holiday,83671730
961,Chat,83625620
962,Enough,83592616
963,Designed,83559486
964,Along,83444756
965,Among,83431590
966,Death,83216831
967,Writing,83166717
968,Speed,83135749
969,Html,83094022
970,Countries,83082522
971,Loss,83015916
972,Face,82807978
973,Brand,82807581
974,Discount,82646962
975,Higher,82515596
976,Effects,82399410
977,Created,82342853
978,Remember,82222044
979,Standards,82179578
980,Oil,82178167
981,Bit,82113875
982,Yellow,82024459
983,Political,82021775
984,Increase,81983061
985,Advertise,81965610
986,Kingdom,81913366
987,Base,81894680
988,Near,81652767
989,Environmental,81596309
990,Thought,81561217
991,Stuff,81444510
992,French,81396759
993,Storage,81320471
994,Oh,81258789
995,Japan,81110725
996,Doing,80821946
997,Loans,80821333
998,Shoes,80755612
999,Entry,80717798
1000,Stay,80694073
1001,Nature,80659036
1002,Orders,80605361
1003,Availability,80583907
1004,Africa,80566883
1005,Summary,80526622
1006,Turn,80328029
1007,Mean,80312172
1008,Growth,79998480
1009,Notes,79958318
1010,Agency,79915539
1011,King,79791224
1012,Monday,79697206
1013,European,79665774
1014,Activity,79633609
1015,Copy,79615682
1016,Although,79579407
1017,Drug,79424420
1018,Pics,79323162
1019,Western,79255339
1020,Income,79240506
1021,Force,79199815
1022,Cash,79172952
1023,Employment,79105156
1024,Overall,78992643
1025,Bay,78967124
1026,River,78843808
1027,Commission,78817488
1028,Ad,78774169
1029,Package,78421168
1030,Contents,78365831
1031,Seen,78365291
1032,Players,78292986
1033,Engine,78078059
1034,Port,78051775
1035,Album,77914316
1036,Regional,77752808
1037,Stop,77749471
1038,Supplies,77574804
1039,Started,77515342
1040,Administration,77515175
1041,Bar,77375075
1042,Institute,77353032
1043,Views,77333335
1044,Plans,77295630
1045,Double,77287578
